from bmdelan midway.uchicago.edu brian man delanei subject result sci.lif extens pass vote creat propos group sci.lif extens affirm ye vote vote what follow list peopl who vote vote ye here peopl who vote bailei utpapa.ph.utexas.edu ed bailei barkdol lepomis.psych.upenn.edu edwin barkdol msb sq.com mark brader carr acsu.buffalo.edu dave carr desj ccr p.ida.org david desjardin jbh anat.umsmed.edu jame b hutchin rsk gynko.circ.upenn.edu rich kulawiec stu valinor.mythical.com stu labovitz lau ai.sri.com stephen lau plebrun minf vub.ac.b philipp lebrun jmaynard nyx.cs.du.edu jai maynard emcguir intellection.com ed mcguir rick crick.ssctr.bcm.tmc.edu richard h miller smarri zooid.guild.org marc moorcroft dmosher nyx.cs.du.edu david mosher ejo kaja.gi.alaska.edu eric j olson hmpetro mosaic.uncc.edu herbert m petro smith una yale.edu una smith mmt redbrick.com maxim taksar kc zp urlich smurf.sub.org matthia urlich ac umbc.edu franci uy werner soe.berkeley.edu john werner wick netcom.com potter wickwar ggw wolves.durham.nc.u gregori g woodburi d.w.wright bnr.co.uk d wright yarvin norman cs.yale.edu norman yarvin ask cblph.att.com spm d opal.cs.virginia.edu here peopl who vote ye fsspr acad alaska.edu hardcor alaskan kalex eecs.umich.edu ken alexand ph fht sdcc ucsd.edu alex aumann franklin.balluff syntex.com franklin balluff barash umbc.edu mr steven barash build alan.b ingr.com alan barksdal build lion therat.kludge.com john h barlow pbarto uceng.uc.edu paul barto ryan.bayn canrem.com ryan bayn mignon shannon.jpl.nasa.gov mignon belongi beaudot tirf.grenet.fr william beaudot lavb lise.unit.no olav benum ross bryson.demon.co.uk ross beresford ben.best canrem.com ben best levi happi man.com levi bitanski jsb dagda.eng.sun.com jame blomgren gbloom nyx.cs.du.edu gregori bloom mbrader netcom.com mark brader ebrandt jarthur.claremont.edu eli brandt doom leland.stanford.edu joseph brenner rc pos.apana.org.au robert cardwel jeffjc binkley.cs.mcgill.ca jeffrei chanc sasha cs.umb.edu alexand chislenko mclark world.std.com maynard s clark compuserve.com a.j clifford coleman twinsun.com mike coleman steve constellation.ecn.uoknor.edu steve coltrin collier ivory.rtsg.mot.com john t collier compton plains.nodak.edu curti m compton bobc master.cna.tek.com bob cook cordel shaman.nexagen.com bruce cordel cormierj ere.umontreal.ca cormier jean marc djcoyl macc.wisc.edu dougla j coyl dass student.tc.umn.edu john r dassow bdd onion.eng.hou.compaq.com bruce davi demonn emunix.emich.edu kenneth jubal demonn desilet sj.ate.slb.com mark desilet markd sco.com mark diekhan kari teracons.teracons.com kari dubbelman lhdsy cyberia.h chevron.com hwdub uunet.uu.net dub dublin willdy helios.unl.edu dye yegan jove.dnet.measurex.com juno.measurex.com terri egan eder hsvaic.boeing.com dani eder glenn magenta.hq.ileaf.com glenn ellingson farrar adaclabs.com richard farrar ghsvax hal uunet.uu.net hal finnei lxfogel srv.pacbell.com lee fogel afoxx foxxjac.b a.ingr.com foxx i disc.dla.mil sam frajerman sppb x mpf medg.lcs.mit.edu michael p frank martin.franklin corp.sun.com martin franklin tiff cs.ucla.edu tiffani frazier ailing_zhu_freeman u.ergo.cs.cmu.edu ail freeman timothy_freeman u.ergo.cs.cmu.edu tim freeman gt c prism.gatech.edu geoff georg mtvdjg rivm.nl daniel gijsber exusag exu.ericsson.s serena gilbert rlglend netcom.com robert lewi glenden goetz cs.buffalo.edu phil goetz goolsbi dg rtp.dg.com chri goolsbi dgordon crow.omni.co.jp david gordon bgraham eris.demon.co.uk robert d graham sascsg unx.sas.com cynthia grant green srilanka.island.com robert greenstein johng oce.orst.edu john gregor roger netcom.com roger gregori evan ron cs.yale.edu ron hale evan brent vpnet.chi.il.u brent hansen ron.g.hai med.umich.edu ron g hai akh empress.gvg.tek.com anna k hayn clari qm bob_hearn ames.arc.nasa.gov robert hearn fheyligh vnet vub.ac.b franci heylighen hin midway.uchicago.edu p hindman fish casbah.acns.nwu.edu carwil jame janzen mprgate.mpr.ca martin janzen karp skcla.monsanto.com jefferi m karp rk elsegundoca.ncr.com richard kelli merklin gnu.ai.mit.edu ed kemo kessner rintintin.colorado.edu kessner eric m mapam csv.warwick.ac.uk mr r khwaja koski sunset.cs.utah.edu keith koski kathi bridge.com kathi kramer benkrug jupiter.fnbc.com ben krug farif eskimo.com david kunz edsr edsdrd sel uunet.uu.net steve lang pa_hcl meceng.coe.northeastern.edu henri leong s.linton pmms.cam.ac.uk steve linton alopez cs.ep.utexas.edu alejandro lopez kfl access.digex.com keith f lynch kamchar msu.edu charl macdonald rob vis.toronto.edu robert c majka phil starconn.com phil mark cam jackatak.raider.net cameron marshal mmai mcd.intel.com mike mai drac uumeme.chi.il.u bruce maynard i discg disc.dla.mil john mccarrick xyzzi imagen.com david mcintyr cuhe csv.warwick.ac.uk malcolm mcmahon mcpherso macvax.ucsd.edu john mcpherson merkl parc.xerox.com ralph merkl eric synopsys.com eric messick pmetzger shearson.com perri e metzger gmichael vmd.cso.uiuc.edu gari r michael dat ma ludat.lth.s asker mikael millerl wilma.wharton.upenn.edu loren j miller minski media.mit.edu marvin minski pmorri lamar.colostate.edu paul morri mark_muhlestein novell.com mark muhlestein david staff.udc.upenn.edu r david murrai ganannei mosaic.uncc.edu glenn nannei anthoni meaddata.com anthoni napier dniman panther.win.net donald e niman nistuk unixg.ubc.ca richard nistuk jonathan rmit.edu.au jonathan o'donnel martino gomez.jpl.nasa.gov martin r olah cpatil leland.stanford.edu christoph kashina patil crp erfsi boeing.com chri payn sharon acri.fr sharon peleg php rhi.hi.i petur henri petersen chrisp efi.com chri phoenix pierc cs.ucla.edu brad pierc juliu math.utah.edu juliu pierc dplatt cellar.org doug platt mitchell.port lambada.oit.unc.edu mitchel porter cpresson jido.b ingr.com craig presson price price.demon.co.uk michael clive price u uicvm.bitnet edward s proctor stevep deckard.works.ti.com steve pruitt mjquinn pucc.bitnet michael quinn rauss nvl.army.mil patrick rauss remk cs.tu berlin.d jan k remk ag yfn.ysu.edu barri h rodin ksackett cs.uah.edu karl r sackett rc cs.arizona.edu richard schroeppel fschulz pyramid.com frank schulz kw thunder island.kalamazoo.mi.u karel w sebek bseewald gozer.idbsu.edu brad seewald shapard manta.nosc.mil thoma d shapard hab panix.com harri shapiro muir idiom.berkeley.ca.u david muir sharnoff dasher well.sf.ca.u d anton sherwood zero netcom.com richard shiflett ap brownvm.bitnet elain shiner robsho robsho.auto trol.com robert shock rshvern gmuvax gmu.edu rob shvern wesiegel cie uoregon.edu william siegel ggyygg mixcom.mixcom.com kenton sinner bsmart bsmart.tti.com bob smart toni ariel.ucs.unimelb.edu.au anthoni david smith sgccsn citecuc.citec.oz.au shayn noel smith dsnider beta.tricity.wsu.edu daniel l snider snyderg spot.colorado.edu snyder gari edwin jr blupe ruth.fullfeed.com brian arthur stewart lhdsy usmi midland.chevron.com tsfsi uunet.uu.net sigrid stewart nat netcom.com nathaniel stitt tp biosym.com tom stockfisch stodolsk andromeda.rutgers.edu david stodolski gadget dcs.warwick.ac.uk steve strong carei cs.ucla.edu carei sublett jsuttor netcom.com jeff suttor swain cernapo.cern.ch john swain szabo techbook.com nick szabo ptheriau netcom.com p chri theriault ak yfn.ysu.edu chri thompson gunnar.thoresen bio.uio.no gunnar thoresen dreamer uxa.cso.uiuc.edu andrew trapp jerri cse.lbl.gov jerri tuni music parcom.ernet.in rajeev upadhy treon u.washington.edu treon verderi evor magnus.acs.ohio state.edu eric j vore u uicvm.bitnet howard wachtel susan wpi.wpi.edu susan c wade compuserve.com paul wakfer ewalk it.berklee.edu elain walker jew rt.sunquest.com jame ward jeremi ai.mit.edu jeremi m wertheim bw ws torreypinesca.ncr.com bruce white weed strobe.atc.olivetti.com mark wiedman wiesel elisha cs.yale.edu elisha wiesel willingp gar.union.edu will paul smw alcor.concordia.ca steven winikoff wright hicomb.hi.com david wright ebusew anah.ericsson.com stephen wright liquidx cnexus.cts.com liquid x xakelli uivlsisl.csl.uiuc.edu michael g xakelli cs cs.brown.edu ion yannopoulo yazz lccsd.sd.locus.com bob yazz lnz lucid.com leonard n zubkoff rse npd ufpe.br adwyer mason gmu.edu art embl hamburg.d atfurman cup.portal.com billw attmail.att.com carl red dragon.umbc.edu carlf ai.mit.edu cccbb chris.thompson uceng.uc.edu ccgarcia mizzou bitnet clayb cellar.org dack permanet.org daedalu netcom.com danielg autodesk.com dave m cup.portal.com f_griffith ccsvax.sfasu.edu garcia husc.harvard.edu gav houxa.att.com hammar cs.unm.edu herbison lassie.ucx.lkg.dec.com hhuang athena.mit.edu hkhenson cup.portal.com irv happi man.com jeckel amugw.aichi med u.ac.jp jg merit.edu jmeritt mental.mitre.org jonas_marten_fjallstam cup.portal.com kqb whscad att.com lpomeroi velara.sim.es.com lubkin apollo.hp.com kunert wustlb.wustl.edu linyard_m xenos.a logica.co.uk m.michelle.wrightwatson att.com moselecw elec.canterbury.ac.nz naoursla eos.ncsu.edu ng husc.harvard.edu pase dchapman uwm.edu pocock math.utah.edu rudi hsd.uvic.ca scottjor delphi.com stanton ide.com steveha microsoft.com stu discover.wright.edu syang.es_a xerox.com tim.hrubi his.com todd.kaufmann fussen.mt.cs.cmu.edu tom genie.slhs.udel.edu uc mizzou bitnet wmiller clust clemson.edu yost mv.us.adobe.com group still pass you don't count peopl whom i just have email address brian bmdelan midway.uchicago.edu 