from swkirch sun nrl.navy.mil steve kirchoef subject rd cfv vote ack misc.health.diabet third final call vote creation newsgroup misc.health.diabet mass acknowledg valid vote receiv april th gmt appear end post pleas check list sure your vote ha been regist read instruct vote carefulli follow them precis certain you place proper vote instruct vote place vote creation misc.health.diabet send email messag ye sun nrl.navy.mil place vote against creation misc.health.diabet send email messag sun nrl.navy.mil content messag should contain line i vote against misc.health.diabet propos email messag sent abov address must constitut unambigu uncondit vote against newsgroup creation propos condit vote accept onli vote email abov address count mail repli post return event more than on vote place individu onli most recent vote count vote continu until gmt apr vote accept after date ani administr inquiri pertain cfv mai made email swkirch sun nrl.navy.mil propos charter appear below charter misc.health.diabet unmoder purpos misc.health.diabet provid forum discuss issu pertain diabet manag i. diet activ medicin schedul blood glucos control exercis medic breakthrough etc group address issu manag both type i insulin depend type ii non insulin depend diabet both technic discuss gener support discuss relev diabet welcom post misc.heath.diabet intend discuss purpos onli wai constru medic advic diabet seriou medic condit requir direct supervis primari health care physician end charter follow individu have sent valid vote bmu vms.csd.mu.edu bill satterle wj loki.cc.pdx.edu jim william ac freenet.carleton.ca colin henein ad cat.d axel dunkel al academ mty.itesm.mx jesu eugenio s nchez pe anugula badlands.nodak.edu ramakrishna reddi anugula app sneaks.kodak.com robert w app arperd mik.uky.edu alicia r perdu baind gov.on.ca dave bain balamut morris.hac.com morri balamut bch juliet.caltech.edu bgain ollamh.ucd.i brian gain bjorn.b.larsen delab.sintef.no bobw hpsadwc.sad.hp.com bob waltenspiel bruce uxb.liverpool.ac.uk bruce bspencer binkley.cs.mcgill.ca brian spencer cline usceast.cs.scarolina.edu ernest cline coleman twin.twinsun.com mike coleman compass da.com tomd compass da.com thoma donnelli csc coast.ucsd.edu charl coughran curtech sb unh.edu stephani bradlei swift debrum m _brenda msgate.corp.apple.com debrum brenda dlb fanny.wash.inmet.com david barton dlg midway.uchicago.edu deborah lynn gillaspi dougb comm.mot.com dougla bank ed titipu.resun.com edward reid edmoor hpvclc.vcd.hp.com ed moor ejo kaja.gi.alaska.edu eric j olson emcguir intellection.com ed mcguir ewc hplb.hpl.hp.com enrico coiera feathr bluejai ampakz.enet.dec.com franklig gas.uug.arizona.edu gregori c franklin fsspr acad alaska.edu hardcor alaskan gabe angus.mi.org gabe helou gasp medg.lcs.mit.edu isaac kohan gasp medg.lcs.mit.edu isaac kohan geir.millstein tf.tele.no ggurman cory.berkeley.edu gail gurman ggw wolves.durham.nc.u gregori g woodburi greenlaw oasys.dt.navy.mil leila thoma grm andrew.cmu.edu gretchen miller halderc cs.rpi.edu handelap duvm.bitnet pucc.princeton.edu phil handel hansenr ohsu.edu hc nyongwa.cam.org hc hed chrisco.nrl.navy.mil hubert hed herbison lassie.ucx.lkg.dec.com b.j hmpetro mosaic.uncc.edu herbert m petro hosch iscsvax.uni.edu hrubin pop.stat.purdue.edu herman rubin hudsoib auducadm.duc.auburn.edu ingrid b hudson huff mcclb med.nyu.edu edward j huff huffman ingres.com gari huffman huynh_ estd.nrl.navy.mil minh huynh ishbeld cix.compulink.co.uk ishbel donkin james.langdel eng.sun.com jame langdel jamyer netcom.com john myer jc crosfield.co.uk jerri cullingford jesup cbmvax.cbm.commodore.com randel jesup jjmorri gandalf.rutgers.edu joyc morri joep dap.csiro.au joe petranov john.burton acenet.auburn.edu john e burton jr johncha comm.mot.com jorgensonk cc.uvcc.edu jpsum mik.uky.edu joei p sum jtm ucsfvm.ucsf.edu john maynard julien skcla.monsanto.com kaminski netcom.com peter kaminski kerri citr.uq.oz.au kerri raymond kieran world.std.com aaron l dickei knauer cs.uiuc.edu rob knauerhas kolar spot.colorado.edu jennif lynn kolar kriguer tcs.com marc kriguer lau ai.sri.com stephen lau lee hal.com lee boylan lmt po.cwru.edu luni lehigh.edu lusgr chili.cc.lehigh.edu stephen g roseman m.beamish ins.gu.edu.au marilyn beamish m.rich ens.gu.edu.au mauric h rich maa cdfsga.fnal.gov peter maa macridis_g kosmos.wcc.govt.nz gerri macridi markv hpvcivm.vcd.hp.com mark vanderford maschler vms.huji.ac.il mcb net.bio.net michael c berch mcdai ux cso.uiuc.edu mcookson flute.calpoly.edu mfc isr.harvard.edu mauricio f contrera mg wpi.edu martha gunnarson mhollowa libserv ic.sunysb.edu michael hollowai misha abacus.concordia.ca misha glouberman mjb cs.brown.edu manish butt moflngan vax tcd.ie muir idiom.berkeley.ca.u david muir sharnoff nancy.block eng.sun.com nanci block ndallen r node.hub.org nigel allen nlr b nei.nih.gov rohrer nathan owen cookiemonster.cc.buffalo.edu bill owen pam hpfcmp.fc.hp.com pam sullivan papresco undergrad.math.uwaterloo.ca paul prescod paslowp cs.rpi.edu pillinc gov.on.ca christoph pill pkane cisco.com peter kane popelka odysseus.uchicago.edu glenn popelka pulkka cs.washington.edu aaron pulkka pwatkin med.unc.edu pat watkin rbnsn mosaic.shearson.com ken robinson rick crick.ssctr.bcm.tmc.edu richard h miller robyn media.mit.edu robyn kozierok rolf green.mathematik.uni stuttgart.d rolf schreiber sageman cup.portal.com sasjc unx.sas.com joan stout scottjor delphi.com scrl hplb.hpl.hp.com sc vectis.demon.co.uk stuart c squibb shan techops.cray.com sharan kalwani sharen iscnvx.lmsc.lockheed.com sharen rund shazam unh.edu matthew t thompson shipman csab.larc.nasa.gov floyd s shipman shoppa erin.caltech.edu tim shoppa slilli cs bradley.edu susan lilli steveo world.std.com steven w orr surendar ivy.wpi.edu surendar chandra swkirch sun nrl.navy.mil steven kirchoef s_fagan twu.edu taryn arizvm ccit.arizona.edu taryn l westergaard thomas.e.taylor gagme.chi.il.u thoma e taylor tima cfsmo.honeywell.com timothi d aanerud tsamuel gollum relay.nswc.navy.mil toni samuel u uicvm.uic.edu m jacob vstern gte.com vanessa stern wahlgren haida.van.wti.com jame wahlgren waterf pyrsea.sea.pyramid.com dougla waterfal weineja teomail.jhuapl.edu wgrant informix.com william grant yeager mscf.med.upenn.edu yozzo watson.ibm.com ralph e yozzo z beach.utmb.edu molli hamilton steve kirchoef code kirchoef estd.nrl.navy.mil naval research laboratori microwav technolog branch washington dc electron sci tech divis 